tablecolumn;tables;sel3_TNM;sel4_datum;sel5_pflicht;sel6_mamma;sel7_prostata;sel8_prio;sel9_darm;sel10_melanom;sel11_fo;sel12_free;sel13_unknown
[Applikationsart]Atemgetriggert;Applikationsart;;;;;;;;;;;
[Applikationsart]CodeVersion2014;Applikationsart;;;;;;;;;;;
[Applikationsart]CodeVersion2021;Applikationsart;;;;;;;;;;;
[Applikationsart]Interstitiell_endokavitaer;Applikationsart;;;;;;;;;;;
[Applikationsart]Metabolisch_Typ;Applikationsart;;;;;;;;;;;
[Applikationsart]Radiochemo;Applikationsart;;;;;;;;;;;
[Applikationsart]Rate_Type;Applikationsart;;;;;;;;;;;
[Applikationsart]Seite_Zielgebiet;Applikationsart;;;;;;;;;;;
[Applikationsart]Stereotaktisch;Applikationsart;;;;;;;;;;;
[Applikationsart]TypeOfST_TypBestrahlungApplikationsart;Applikationsart;;;;;;;;;;;
[Bestrahlung]Anzahl_Tage_Diagnose_Bestrahlung;Bestrahlung;;1;;;;;;;;;
[Bestrahlung]Anzahl_Tage_Bestrahlung_Dauer;Bestrahlung;;1;;;;;;;;;
[Bestrahlung]Datum_Beginn_Bestrahlung;Bestrahlung;;1;;;;;;;;;
[Bestrahlung]Datum_Beginn_Bestrahlung_Genauigkeit;Bestrahlung;;1;;;;;;;;;
[Diagnose_Fernmetastase]Lokalisation;Diagnose_Fernmetastase;;;;;;;;;;;
[Diagnose_WeitereKlassifikation]Name;Diagnose_WeitereKlassifikation;;;;;;;;;;;
[Diagnose_WeitereKlassifikation]Stadium;Diagnose_WeitereKlassifikation;;;;;;;;;;;
[Folgeereignis]Datum_Folgeereignis;Folgeereignis;;1;;;;;;;1;;
[Folgeereignis]Datum_Folgeereignis_Genauigkeit;Folgeereignis;;1;;;;;;;;;
[Folgeereignis]Gesamtbeurteilung_Tumorstatus;Folgeereignis;;;;;;;;;1;;1
[Folgeereignis]Verlauf_Lokaler_Tumorstatus;Folgeereignis;;;;;;;;;1;;
[Folgeereignis]Verlauf_Tumorstatus_Fernmetastasen;Folgeereignis;;;;;;;;;1;;
[Folgeereignis]Verlauf_Tumorstatus_Lymphknoten;Folgeereignis;;;;;;;;;1;;
[Folgeereignis_Fernmetastase]Lokalisation;Folgeereignis_Fernmetastase;;;;;;;;;;;
[Folgeereignis_TNM]a_Symbol;Folgeereignis_TNM;;;;;;;;;;;
[Folgeereignis_TNM]c_p_u_Praefix_M;Folgeereignis_TNM;;;;;;;;;;;
[Folgeereignis_TNM]c_p_u_Praefix_N;Folgeereignis_TNM;;;;;;;;;;;
[Folgeereignis_TNM]c_p_u_Praefix_T;Folgeereignis_TNM;;;;;;;;;;;
[Folgeereignis_TNM]L;Folgeereignis_TNM;;;;;;;;;;;
[Folgeereignis_TNM]M;Folgeereignis_TNM;;;;;;;;;;;
[Folgeereignis_TNM]N;Folgeereignis_TNM;;;;;;;;;;;
[Folgeereignis_TNM]Pn;Folgeereignis_TNM;;;;;;;;;;;
[Folgeereignis_TNM]r_Symbol;Folgeereignis_TNM;;;;;;;;;1;;
[Folgeereignis_TNM]S;Folgeereignis_TNM;;;;;;;;;;;
[Folgeereignis_TNM]T;Folgeereignis_TNM;;;;;;;;;1;;
[Folgeereignis_TNM]TNM_m_Symbol;Folgeereignis_TNM;;;;;;;;;;;
[Folgeereignis_TNM]UICC_Stadium;Folgeereignis_TNM;;;;;;;;;1;;
[Folgeereignis_TNM]V;Folgeereignis_TNM;;;;;;;;;;;
[Folgeereignis_TNM]Version;Folgeereignis_TNM;;;;;;;;;;;
[Folgeereignis_TNM]y_Symbol;Folgeereignis_TNM;;;;;;;;;1;;
[Folgeereignis_WeitereKlassifikation]Name;Folgeereignis_WeitereKlassifikation;;;;;;;;;;;
[Folgeereignis_WeitereKlassifikation]Stadium;Folgeereignis_WeitereKlassifikation;;;;;;;;;;;
[OP]Anzahl_Tage_Diagnose_OP;OP;;1;;;;1;;;;;
[OP]Datum_OP;OP;;1;;;;;;;;;
[OP]Datum_OP_Genauigkeit;OP;;1;;;;;;;;;
[OP]Intention;OP;;;;;;;;;;;
[OP]Lokale_Beurteilung_Residualstatus;OP;;;;;;1;;;;;
[OPS]Code;OPS;;;;;;1;;;;;
[OPS]Version;OPS;;;;;;;;;;;
[Patient]Datum_Vitalstatus;Patient;;1;1;;;;;;;;
[Patient]Datum_Vitalstatus_Genauigkeit;Patient;;1;;;;;;;;;
[Patient]Geburtsdatum;Patient;;1;1;;;;;;;;
[Patient]Geburtsdatum_Genauigkeit;Patient;;1;;;;;;;;;1
[Patient]Geschlecht;Patient;;;1;;;;;;;;1
[Patient]Verstorben;Patient;;;1;;;;;;;;
[Protokoll]Bezeichnung;Protokoll;;;;;;;;;;1;
[Protokoll]Protokoll_TypProtokollschluessel_Code;Protokoll;;;;;;;;;;1;
[Protokoll]Protokoll_TypProtokollschluessel_Version;Protokoll;;;;;;;;;;;
[Protokoll]TypeOfProtokoll_Typ;Protokoll;;;;;;;;;;;
[ST]Intention;ST;;;;;;;;;;;
[ST]Stellung_OP;ST;;;;;;1;;;;;
[Substanz]Bezeichnung;Substanz;;;;;;;;;;1;
[Substanz]SYST_TypSubstanzATC_Code;Substanz;;;;;;;;;;1;
[Substanz]SYST_TypSubstanzATC_Version;Substanz;;;;;;;;;;;
[Substanz]TypeOfSYST_TypSubstanz;Substanz;;;;;;;;;;;
[SYST]Anzahl_Tage_Diagnose_SYST;SYST;;1;;;;;;;;;
[SYST]Anzahl_Tage_SYST_Dauer;SYST;;1;;;;;;;;;
[SYST]Datum_Beginn_SYST;SYST;;1;;;;;;;;;
[SYST]Datum_Beginn_SYST_Genauigkeit;SYST;;1;;;;;;;;;
[SYST]Intention;SYST;;;;;;;;;;;
[SYST]Stellung_OP;SYST;;;;;;1;;;;;
[SYST]Therapieart;SYST;;;;;;1;;;;;
[Todesursache]Code;Todesursache;;;;;;;;;;;
[Todesursache]IsGrundleiden;Todesursache;;;;;;;;;;;
[Todesursache]Version;Todesursache;;;;;;;;;;;
[Tumor]a_Symbol_c;Tumor;;;;;;;;;;;
[Tumor]a_Symbol_p;Tumor;;;;;;;;;;;
[Tumor]AnlassGleasonScore;Tumor;;;;;1;;;;;;
[Tumor]Anzahl_Tage_Diagnose_Tod;Tumor;;1;;;;;;;;;
[Tumor]c_p_u_Praefix_M_c;Tumor;;;;;;;;;;;
[Tumor]c_p_u_Praefix_M_p;Tumor;;;;;;;;;;;
[Tumor]c_p_u_Praefix_N_c;Tumor;;;;;;;;;;;
[Tumor]c_p_u_Praefix_N_p;Tumor;;;;;;;;;;;
[Tumor]c_p_u_Praefix_T_c;Tumor;1;;;;;;;;;;
[Tumor]c_p_u_Praefix_T_p;Tumor;1;;;;;;;;;;
[Tumor]DatumPSA;Tumor;;1;;;1;;;;;;
[Tumor]DatumPSA_Genauigkeit;Tumor;;1;;;;;;;;;
[Tumor]DCN;Tumor;;;1;;;;;;;;
[Tumor]Diagnose_ICD10_Code;Tumor;;;1;;;;;;;;1
[Tumor]Diagnose_ICD10_Version;Tumor;;;;;;;;;;;
[Tumor]Diagnosealter;Tumor;;;;;;;;;;;
[Tumor]Diagnosedatum;Tumor;;1;1;;;;;;;;
[Tumor]Diagnosedatum_Genauigkeit;Tumor;;1;;;;;;;;;1
[Tumor]Diagnosejahr;Tumor;;;;;;;;;;;
[Tumor]Diagnosesicherung;Tumor;;;1;;;;;;;;1
[Tumor]Dignität;Tumor;;;;;;;;;;;
[Tumor]Grading;Tumor;;;;;;;;;;;
[Tumor]GradPrimaer;Tumor;;;;;;;;;;;
[Tumor]GradSekundaer;Tumor;;;;;;;;;;;
[Tumor]Her2neuStatus;Tumor;;;;1;;;;;;;
[Tumor]Histologie;Tumor;;;;;;;;;;;
[Tumor]HormonrezeptorStatus_Oestrogen;Tumor;;;;1;;;;;;;
[Tumor]HormonrezeptorStatus_Progesteron;Tumor;;;;1;;;;;;;
[Tumor]Inzidenzort;Tumor;;;1;;;;;;;;
[Tumor]L_c;Tumor;;;;;;;;;;;
[Tumor]L_p;Tumor;;;;;;;;;;;
[Tumor]LDH;Tumor;;;;;;;;1;;;
[Tumor]LK_befallen;Tumor;;;;;;;;;;;
[Tumor]LK_untersucht;Tumor;;;;;;;;;;;
[Tumor]M_c;Tumor;1;;;;;;;;;;
[Tumor]M_p;Tumor;1;;;;;;;;;;
[Tumor]m_Symbol_c;Tumor;;;;;;;;;;;
[Tumor]m_Symbol_p;Tumor;;;;;;;;;;;
[Tumor]Morphologie_Code;Tumor;;;;;;;;;;;1
[Tumor]Morphologie_Version;Tumor;;;;;;;;;;;
[Tumor]N_c;Tumor;1;;;;;;;;;;
[Tumor]N_p;Tumor;1;;;;;;;;;;
[Tumor]Pn_c;Tumor;;;;;;;;;;;
[Tumor]Pn_p;Tumor;;;;;;;;;;;
[Tumor]Praetherapeutischer_Menopausenstatus;Tumor;;;;1;;;;;;;
[Tumor]PSA;Tumor;;;;;1;;;;;;
[Tumor]r_Symbol_c;Tumor;;;;;;;;;;;
[Tumor]r_Symbol_p;Tumor;;;;;;;;;;;
[Tumor]RASMutation;Tumor;;;;;;;1;;;;
[Tumor]RektumAbstandAnokutanlinie;Tumor;;;;;;;1;;;;
[Tumor]S_c;Tumor;;;;;;;;;;;
[Tumor]S_p;Tumor;;;;;;;;;;;
[Tumor]ScoreErgebnis;Tumor;;;;;1;;;;;;
[Tumor]Seitenlokalisation;Tumor;;;1;;;;;;;;1
[Tumor]T_c;Tumor;1;;;;;;;;;;
[Tumor]T_p;Tumor;1;;;;;;;;;;
[Tumor]TNM_Auflage_c;Tumor;1;;;;;;;;;;
[Tumor]TNM_Auflage_p;Tumor;1;;;;;;;;;;
[Tumor]Topographie_Code;Tumor;;;;;;;;;;;
[Tumor]Topographie_Version;Tumor;;;;;;;;;;;
[Tumor]Tumordicke;Tumor;;;;;;;;1;;;
[Tumor]TumorgroesseDCIS;Tumor;;;;1;;;;;;;
[Tumor]TumorgroesseInvasiv;Tumor;;;;1;;;;;;;
[Tumor]UICC_Stadium_c;Tumor;1;;;;;;;;;;
[Tumor]UICC_Stadium_p;Tumor;1;;;;;;;;;;
[Tumor]Ulzeration;Tumor;;;;;;;;1;;;
[Tumor]V_c;Tumor;;;;;;;;;;;
[Tumor]V_p;Tumor;;;;;;;;;;;
[Tumor]y_Symbol_c;Tumor;;;;;;;;;;;
[Tumor]y_Symbol_p;Tumor;;;;;;;;;;;
